Timestamp,Please enter your Unique ID:,Please enter your Amazon Mechanical Turk ID:,Would you use your fastest word spacing for reading if you had a choice?,"Do you feel changing font attributes (such as size, character spacing, word spacing, etc..) could help you read faster?","Would you like an application to change font attributes (such as size, character spacing, word spacing, etc..) for reading if you had the choice?",Can you comment on any strategies you used to complete this study?,"Do you have any other comments about the study, did you find anything confusing?"
3/21/2021 11:31:02,smile_mturk_c032121_3978_3019,A30HUZHJBOX1LK,Yes,6,7,"There are none, I just read and focused on what I was reading",Everything was clear
3/21/2021 11:35:00,smile_mturk_c032121_3992_3030,AJACXA5FC5BYZ ,Yes,5,7,I just tried to scan the words while still retaining information.,None.
3/21/2021 11:35:17,smile_mturk_c032121_3980_3021,A1GKD3NG1NNHRP,Yes,5,6,tried to go as fast as i could go,no
3/21/2021 11:35:33,smile_mturk_c032121_4008_3045,A28LMUIZO84GAX,Yes,7,7,like,like
3/21/2021 11:35:33,smile_mturk_c032121_3981_3022,A84BZJ0HK981A,Maybe,6,7,I just tried to take in salient information.,I was slowed down by the fact that I couldn't know what information I'd be asked to recall.
3/21/2021 11:37:07,smile_mturk_c032121_3986_3027,A3KF6O09H04SP7,Yes,6,6,"No strategies, I just tried to read as fast as I could while still being able to properly take in the information.","It's very interesting to me that my fastest font was Georgia.  I never would have guessed, but this is valuable information and I appreciate it.  I'll probably try changing to this font in the future to see if that affects my reading speed and comprehension."
3/21/2021 11:42:56,smile_mturk_c032121_4011_3049,A26NGLGGFTATVN,Yes,6,7,I just went at my normal reading pace and tried to retain as much information as I could in the short story passages.,no issues
3/21/2021 11:43:53,smile_mturk_c032121_3985_3026,A2173NB4RXYT6M,Yes,6,6,"no strategies, I simply read as fast as possible","There was an answer ""both a and b"", but no indication what a or b are."
3/21/2021 11:44:09,smile_mturk_c032121_3982_3024,ALYR5CI2SM2JC,Maybe,4,5,I didn't use any particular strategies.,none
3/21/2021 11:46:52,smile_mturk_c032121_3995_3032,A2N39KH7N8TB3Z,Yes,7,6,no,good
3/21/2021 11:47:06,smile_mturk_c032121_4006_3043,A198MSVO1VTAT5,Yes,6,4,I tried to see the story in my mind.,It was fairly easy
3/21/2021 11:50:12,smile_mturk_c032121_3999_3036,A3RHJEMZ4EGY2U,Maybe,6,6,Not really. I think if the material is more interesting it is easier to remember. I also think if the information is more relatable it is easier to remember. ,Everything was clear.
3/21/2021 11:52:05,smile_mturk_c032121_4004_3041,ASVRLMDNQBUD9,Yes,5,4,I just read like normal in my head.,
3/21/2021 11:52:52,smile_mturk_c032121_4018_3053,A20RCHED1QJNFN,Yes,5,4,THE WORK VERY IMPORTAN,THE WORK VERY IMPORTAN
3/21/2021 11:53:39,smile_mturk_c032121_3994_3031,AO32GL5867YY7,Yes,5,6,Tried to remember key points in the article,None
3/21/2021 12:00:03,smile_mturk_c032121_3996_3033,A3L4JI1S352HB8,Maybe,3,5,"If I knew I had trouble reading a font, I took a bit longer to read the text so that I could absorb the material",no other comments
3/21/2021 12:04:19,smile_mturk_c032121_4019_3054,A26BHQZCY7GRNP,Yes,5,7,,
3/21/2021 12:06:44,smile_mturk_c032121_4013_3046,AZ2OLOQD33P3Y,Maybe,6,6,,good and interesting
3/21/2021 12:18:06,smile_mturk_c032121_4040_3070,AWRP0LUED7WYU,Yes,6,6,"I did not take a strategic approach; I kept things natural, reading as I would in a casual setting. ",Easy; no issues to speak of.
3/21/2021 12:18:51,smile_mturk_c032121_4030_3062,AQP4PHYDXRBPI,Yes,5,3,,
3/21/2021 12:20:12,smile_mturk_c032121_4038_3068,A25SH3L1UR6Y1Z,Maybe,6,5,,
3/21/2021 12:21:59,smile_mturk_c032121_4047_3077,A2HSVM1GGDQONO,Yes,7,6,GOOD,NOTHING
3/21/2021 12:26:25,smile_mturk_c032121_4041_3071,A11C00ZHBQIYZ,Yes,7,7,Not really,"It was overall a really good experience. I really liked that you showed my stats at the ending, like my fastest font to read."
3/21/2021 12:29:17,smile_mturk_c032121_4045_3075,A51U5BEIC5XVR,No,6,5,none,none
3/21/2021 12:39:43,smile_mturk_c032121_4012_3048,A2NHFSO7GMM8QR,Yes,7,7,no,no
3/21/2021 12:45:04,smile_mturk_c032121_4054_3079,A16Z9FSSF1X74O,Yes,6,6,I just read my normal speed. I did not try to read faster.,"Everything was clear. Thank you, and have a nice day!"
3/21/2021 12:49:09,smile_mturk_c032121_4058_3081,A1QMKWVBRAUCT,Yes,4,4,,
3/21/2021 12:54:36,smile_mturk_c032121_4062_3085,A49A0FF6ZXYDU,Maybe,5,5,read and answer questions,none
3/21/2021 12:56:05,smile_mturk_c032121_4068_3091,A15A618QS7DD79,Yes,6,6,no,good
3/21/2021 12:57:32,smile_mturk_c032121_4064_3087,ACRTRQ23XH20E,Maybe,5,4,NONE,NO
3/21/2021 13:05:41,smile_mturk_c032121_4052_612,AUKAQ17894HDP,Yes,6,7,Nothing,Very interesting
3/21/2021 13:06:31,smile_mturk_c032121_4063_3086,A125P84OW0W6Q9,Yes,6,6,good attitude in learning an articles,no
3/21/2021 13:10:05,smile_mturk_c032121_4002_3039,A32KY6ARWL8W3E,Yes,7,6,Very useful and informative,Nothing
3/21/2021 13:10:08,smile_mturk_c032121_4000_3038,A20N9775X5Q5JV,No,4,6,none,good
3/21/2021 13:12:06,smile_mturk_c032121_4036_3067,A26KX5PGHY4FZJ,Yes,5,5,"i generally just read patiently, but i try to understand what im reading so i dont have to go back ",good
3/21/2021 13:16:03,smile_mturk_c032121_4024_3059,AM3CA8OTZ9HIV,Yes,5,5,The strategy I used was to be indoors and without any audio so I could concentrate on reading.,I loved doing this study. Thanks for the opportunity.
3/21/2021 13:17:22,smile_mturk_c032121_4001_3037,A3AJE1ORZMFDON,Yes,7,6,Very informative and useful,Nothing
3/21/2021 13:17:38,smile_mturk_c032121_4070_3063,A2717S28QHY09K,No,5,4,none,good survey
3/21/2021 13:23:22,smile_mturk_c032121_4071_3093,A179LPB3NPSEF8,No,6,5,none,good
3/21/2021 13:25:43,smile_mturk_c032121_4077_3099,A1CX45M5UVAM9R,Yes,6,5,No,no
3/21/2021 13:28:22,smile_mturk_c032121_4081_3044,A3R4SD33QQVAJX,No,7,6,Nothing,Very interesting
3/21/2021 13:31:53,smile_mturk_c032121_4078_3100,A2S64AUN7JI7ZS,Yes,5,6,"I tried to read and pay attention as quick as I could, I really didn't have a strategy other than taking note of key facts I thought I may get asked about ","This was interesting, thank you"
3/21/2021 13:35:12,smile_mturk_c032121_4016_3051,A3VJHYXZ6JW0LD,Yes,7,6,Thank you for survey.,Thank you for survey.
3/21/2021 13:37:55,smile_mturk_c032121_4072_3094,AI9YR5E1S3U19,No,6,5,none,good
3/21/2021 13:44:53,smile_mturk_c032121_4073_3095,A13ASIJ31D76UN,No,6,4,none,good
3/21/2021 14:01:53,smile_mturk_c032121_4059_3082,A90G0G4SJ26BM ,Yes,6,6,,
3/21/2021 14:06:07,smile_mturk_c032121_4087_3108,A1LW7S3NBOSJPA,Yes,7,7,it is easy study,thanks
3/21/2021 14:10:43,smile_mturk_c032121_4033_3065,A2Y87M8V0N1M6P,Yes,7,5,I did not use any strategies,
3/21/2021 14:12:58,smile_mturk_c032121_4060_3083,A2JRF141BH3W3Y,Yes,6,5,I consider a font that is easy to read without straining my eye,
3/21/2021 14:27:55,smile_mturk_c032121_4079_3101,A17C7V37FFWLDM,No,7,5,na,na
3/21/2021 14:37:28,smile_mturk_c032121_4088_3109,A1WJ54G7U8B57Y,Yes,6,7,Not really,Good survey
3/21/2021 14:44:24,smile_mturk_c032121_4086_3107,A1BMX149QX2KLZ,No,6,6,na,na
3/21/2021 15:04:00,smile_mturk_c032121_4091_3112,A1S5SPI4NQPGSI,Maybe,7,5,"Nothing particular. I try to associate people, events etc.",It was interesting and I hope you are getting good data.
3/21/2021 15:14:18,smile_mturk_c032121_4083_3104,A1AWR7C38PW42P,Yes,7,6,Very informative and useful,Nothing
3/21/2021 15:20:03,smile_mturk_c032121_4095_3116A1DKWZQE9XEMKC,A1DKWZQE9XEMKC,Yes,6,6,i don't have any strategy,no
3/21/2021 15:23:58,smile_mturk_c032121_4098_3119,A6QDP0HAGE9W5,No,7,6,na,na
3/21/2021 15:41:05,smile_mturk_c032121_4099_3121A273PAYHIAJHO7,A273PAYHIAJHO7,Yes,7,7,I try to watch each row as a whole,No
3/21/2021 15:43:34,smile_mturk_c032121_4101_3123,A2BPXWBO2OSJRP,No,7,6,I just tried to read quickly and absorb as much as I could.,No.
3/21/2021 15:44:06,smile_mturk_c032121_4097_3118,A28IA1E18OFZZC,No,6,6,nan,na
3/21/2021 15:51:05,smile_mturk_c032121_4100_3122,A3FNC8ELMK8YJA,Maybe,4,4,"No, I just read as normal.",
3/21/2021 16:04:24,smile_mturk_c032121_4103_3125,A33RTW0FA80I4U,No,7,7,na,na
3/21/2021 16:12:18,smile_mturk_c032121_4102_3124,A3KOWY3F88WP94,No,7,6,Nothing,Very interesting
3/21/2021 16:15:36,smile_mturk_c032121_4096_3117,ACAD54DT9FU7U,Maybe,6,7,I was able to memorize more details of the topics which was interesting to me like story narrations. I think the topic plays a great role in memorizing details.,it was easy .thank you.
3/21/2021 16:49:04,smile_mturk_c032121_4074_3096,A3EK1B01O4H5HW,Yes,6,5,na,na
3/21/2021 16:53:06,smile_mturk_c032121_4105_3127,A1GGHWXWUUF4WC,No,7,7,na,na
3/21/2021 17:04:24,smile_mturk_c032121_4106_3128,A65N7P7LMZ4GE,No,6,6,na,na
3/21/2021 17:16:24,smile_mturk_c032121_4107_3129,AX517DWAA1ECY,No,7,6,na,na
3/21/2021 18:33:22,smile_mturk_c032121_4109_3131,A13WTEQ06V3B6D,Yes,7,7,"I tried to anticipate what words will come next, and I tried to keep a lookout for words that are coming up.","I found the study to be interesting and easy to complete, I did not experience any issues."
3/21/2021 18:59:56,smile_mturk_c032121_4111_3133,A1IL2HYSSL4ZMV,Yes,7,7,No strategies,
3/21/2021 19:42:37,smile_mturk_c032121_4116_3138,A33BYDSAFW6PK,Yes,5,6,well,Good
3/21/2021 19:45:20,smile_mturk_c032121_4113_3135,AORFD5AY4VL8V,Maybe,5,5,,
3/21/2021 19:57:53,smile_mturk_c032121_4118_3140,A4AYXBQNKPA6I,Yes,7,7,"I tried to read everything as carefully as possible.
",no
3/21/2021 20:07:16,smile_mturk_c032121_4119_3141,A3BHKF9NJKCXPB,Yes,7,6,Very useful and interesting,Nothing
3/21/2021 20:08:45,smile_mturk_c032121_4120_3142,A1EDMN0J522ATZ,Yes,7,7,Just read. That simple.,None
3/21/2021 20:33:03,smile_mturk_c032121_4129_3150,A16P7DW4CB4JPM,Yes,7,7,"I tried remember key words when I felt like reading the phrase again but couldn't, so then I would have some information about the sentence I didn't understood so well (I usually like to come back and even read sentences I already understood, It's a habit I caught when I started reading complicated articles)","It was easy to understand, and I loved to find out my favorite and faster font, great job guys, thanks :)"
3/21/2021 20:41:26,smile_mturk_c032121_4125_3146,ATBBPV37O4K6N,Yes,4,6,interesting,nothing
3/21/2021 20:50:52,smile_mturk_c032121_4123_3144,A2JI1AH1YMSBC4,Yes,7,7,nothing,nothing
3/21/2021 21:22:33,smile_mturk_c032121_4135_3156,AONHP5DLTIPFX,Yes,6,7,GOOD,GOOD
3/21/2021 21:37:15,smile_mturk_c032121_4137_3158,A1IMRSDQ7RO9US,Yes,3,6,yes,interesting
3/21/2021 21:51:30,smile_mturk_c032121_4134_3155 ,A1MXDBILWV8RXN ,Yes,7,7,I tried to interpret the story and memorize the keywords.,"It was very interesting, thanks for the opportunity."
3/21/2021 22:02:32,smile_mturk_c032121_4139_3159,A2V84QVZRULWF1,Yes,7,6,very interesting,nothing
3/21/2021 22:13:43,smile_mturk_c032121_4126_3147,A31Y7PAMZO5GVZ,Yes,7,6,Used of laptop,Nothing
3/21/2021 23:27:20,smile_mturk_c032121_4145_3163,A1BDPHQIAOC1WB,Yes,6,6,no,no
3/21/2021 23:35:20,smile_mturk_c032121_4141_3160,A1Z27X99F97JSR,Yes,7,6,no,no
3/21/2021 23:41:49,smile_mturk_c032121_4144_3162,A3388HIWAKD3DV,Maybe,6,4,Take screenshots of the stories.,None
3/21/2021 23:47:50,smile_mturk_c032121_4146_3164,AZS1ZZRYENXVK,Yes,5,6,memorization,good
3/22/2021 0:15:01,smile_mturk_c032121_4148_3166,A3CTXNQ2GXIQSP,Maybe,3,4,"I just tried to read and take note of things that seemed like interesting ""facts and figures"" such as ages, years and other numbers. I simply tried to reach each as fast as I could while still synthesizing the information.",Nothing confusing thank you.
3/22/2021 0:29:40,smile_mturk_c032121_4147_3165,ADC4VXNQJ9FEW,Yes,7,7,"I devoted my attention to key concepts I found in the story, those I thought were more interesting, I also happen to have a good memory so, it didn't take me long to memorize facts.","Your final goal is something I look forward to, I think you had a brilliant idea and I wonder why you're the first realizing it. You're providing a great contribution to the community of readers. Many thanks."
3/22/2021 4:02:17,smile_mturk_c032121_4157_3172,ACGGIBC0P38HU,Maybe,6,6,"sometimes images pop into my head involuntarily as I'm reading, so I'm likely to remember it",everything was very clear
3/22/2021 4:16:06,smile_mturk_c032121_4156_637,A3MG9XS4W3FGOA,Yes,7,7,very interesting,nothing
3/22/2021 4:23:12,smile_mturk_c032121_4155_3170,A26MN6JIKD4NXU,Yes,5,7,,
3/22/2021 4:49:35,smile_mturk_c032121_4158_3173,A2GRJVN7B5YR96,No,4,5,no,interesting
3/22/2021 5:30:16,smile_mturk_c032121_4161_3175,A3NXT3OVGL7QNR ,Yes,6,6,No specific strategies. I just followed the instructions to the best of my ability and did my best to remember.,Nothing was confusing and I would say it was neither easy nor difficult -- somewhere in the middle. I experienced no issues and I knew exactly what to do. Thank you.
3/22/2021 7:34:49,smile_mturk_c032121_4162_3177,A15TFO5B95QVQZ,Yes,7,6,I did not use any special strategies. I just read the passages in my mind silently. ,No
3/28/2021 13:57:32,smile_mturk_c032121_4313_3345,A3RI9RLBGPG2B6,Maybe,6,6,I simply just read as fast as I can with rote memorization.,No.
3/28/2021 14:03:26,smile_mturk_c032121_4339_3369,A25F6WT9CIM0Z5,Yes,5,6,Just normal thinking,good study
3/28/2021 14:03:36,smile_mturk_c032121_4361_3390,A20SL254675EOK,Yes,7,4,None I just read like I normally would,Was simple really.
3/28/2021 14:04:12,smile_mturk_c032121_4302_3335,A15DVB43XP2ROJ,Yes,6,5,"I just read normally, tried to focus on names and dates a little extra since they were more likely to come up in questions.","It was a pleasure, thanks for the fun HIT!"
3/28/2021 14:04:44,smile_mturk_c032121_4331_367,A3RQN5RZD1N2KP,Maybe,5,3,"None, I just read the material as I was instructed.",None
3/28/2021 14:04:49,smile_mturk_c032121_4308_3340,A3W2RRAUPHYRIO,Maybe,6,5,I just tried to skim the content and pick out things that seemed like important events or numbers.,It was easy although I'm not sure about all of my answers. No other issues.
3/28/2021 14:05:04,smile_mturk_c032121_4356_3386,A3E7YSLM7WU3AT,No,6,5,no,no
3/28/2021 14:05:37,smile_mturk_c032121_4352_3382,AUCHGHY1IKZZK,Yes,6,7,,
3/28/2021 14:06:12,smile_mturk_c032121_4307_3339,A1UJCLV86BWLXH,Yes,7,7,Concentration,
3/28/2021 14:07:15,smile_mturk_c032121_4362_3391,A2HRUFTA09371Y,Maybe,6,6,n/a,n/a
3/28/2021 14:10:35,smile_mturk_c032121_4402_3038,A20N9775X5Q5JV,Yes,6,6,none,good
3/28/2021 14:10:52,smile_mturk_c032121_4366_3397,A3LKVN75O4LZDP,Maybe,6,5,,
3/28/2021 14:10:52,smile_mturk_c032121_4360_3091,A15A618QS7DD79,Yes,7,7,NO,NO
3/28/2021 14:10:58,smile_mturk_c032121_4350_3381,A37XBH865833FE,Yes,6,6,I just read.,Nope
3/28/2021 14:11:01,smile_mturk_c032121_4354_3385,A1GPC6QQK2D0K2,Yes,5,6,"I don't think I have a strategy, I just have a habit of doing a more superficial reading since I learned to read.",None
3/28/2021 14:11:25,smile_mturk_c032121_4340_3370,A2YC6PEMIRSOAA,Yes,4,4,Just read with focus.,
3/28/2021 14:11:48,smile_mturk_c032121_4379_3409,ANJ30RM8N9807,Maybe,5,5,,
3/28/2021 14:11:51,smile_mturk_c032121_4371_3401,A9ZCY6FLUCIU1,Maybe,6,5,whatever was easy for viewing,no
3/28/2021 14:12:22,smile_mturk_c032121_4319_3352,AXLMOFXKXSU0B,Yes,5,4,"No rules, just followed regular reading routines.",
3/28/2021 14:12:44,smile_mturk_c032121_4335_3365,A25SH3L1UR6Y1Z,Yes,7,7,,
3/28/2021 14:14:07,smile_mturk_c032121_4355_3384,A2TRFQJKZU9NB3,Yes,6,4,good,nice
3/28/2021 14:14:21,smile_mturk_c032121_4304_3336,A3L0DCUXI7X3A9,Yes,5,4,I read as fast as I could understand what I was reading.,no problems
3/28/2021 14:14:31,smile_mturk_c032121_4378_3408,ABO9F0JD9NN54,Yes,6,5,none,none
3/28/2021 14:14:51,smile_mturk_c032121_4306_3338,AEQ95NMC3VXQ5,Maybe,5,4,I tried to read at my normal speed while also trying to focus on certain information or keywords that may appear in the comprehension questions.,It was very difficult to not go back and reread a passage or to read it aloud but I managed to get through.
3/28/2021 14:16:53,smile_mturk_c032121_4358_3388,A39W8OQFBLDJ0K,Yes,4,3,,No
3/28/2021 14:17:30,smile_mturk_c032121_4382_3412,A3JC9VPPTHNKVL,Yes,4,4,No special strategy,no
3/28/2021 14:17:32,smile_mturk_c032121_4385_3415,A26BHQZCY7GRNP,Yes,5,6,no,no
3/28/2021 14:19:08,smile_mturk_c032121_4363_3393,A7ERZELTAMWL5,Yes,4,3,"I read through the articles, concentrating on what was put down in order to answer the questions. ",Very interesting.  Especially the articles.
3/28/2021 14:19:17,smile_mturk_c032121_4419_3063,A2717S28QHY09K,Yes,5,4,NONE,GOOD
3/28/2021 14:19:17,smile_mturk_c032121_4334_3357,A2VNSNAN1LZBAM,Maybe,5,5,I read fast in order to remember as much as possible.,I really enjoyed this study as I love to read.
3/28/2021 14:19:28,smile_mturk_c032121_4400_3434,A2NAKIXS3DVGAA,Yes,4,4,,
3/28/2021 14:21:05,smile_mturk_c032121_4380_3410,A72LC42LU78IP,Yes,5,6,record the number or key words,None
3/28/2021 14:21:26,smile_mturk_c032121_4393_3424,A49A0FF6ZXYDU,Maybe,3,4,I had no strategy,no
3/28/2021 14:21:28,smile_mturk_c032121_4391_3422,A5K7BE7M1A8GV,Yes,7,7,yes,no confusing
3/28/2021 14:21:40,smile_mturk_c032121_4425_3459,A3JV54EH1LEK4H,Yes,7,7,no,no
3/28/2021 14:22:58,smile_mturk_c032121_4387_3417,A2UR8ZKKO51K5N,Yes,7,6,being focused,
3/28/2021 14:23:17,smile_mturk_c032121_4421_3455,AONHP5DLTIPFX,Yes,5,6,GOOD,GOOD
3/28/2021 14:24:20,smile_mturk_c032121_4403_3436,A2YHF0DPCO832L,Yes,7,7,"I read as fast as I could, but tried to consume every word I read and pay attention as I knew I would be quizzed about the material",pretty fun and interesting. relatively easy
3/28/2021 14:25:02,smile_mturk_c032121_4414_3447,AVIEE6LDH0BT5,Maybe,6,3,,
3/28/2021 14:26:18,smile_mturk_c032121_4422_3456,A157DWY9SATKXQ,Yes,4,7,,
3/28/2021 14:26:41,smile_mturk_c032121_4351_3380,A3PRQ2GSU42718,Maybe,6,6,no,"One page in the Navajo section advanced automatically. Also, the fonts in that section changed on each page."
3/28/2021 14:27:29,smile_mturk_c032121_4432_3093,A179LPB3NPSEF8,No,6,6,none,good
3/28/2021 14:29:02,smile_mturk_c032121_4416_3451,ALN47U1AGCWWD,Yes,7,7,no,no other comments
3/28/2021 14:29:16,smile_mturk_c032121_4426_3460,A3696JXTRKL2FI,Yes,5,5,I just went with what I liked most,Thanks
3/28/2021 14:29:36,smile_mturk_c032121_4423_3442,A39WTL5BQTEI3X,Yes,7,7,GOOD,GOOD
3/28/2021 14:29:48,smile_mturk_c032121_4404_3437,A2FGKKWP33DFWS,Yes,5,6,NONE,
3/28/2021 14:31:42,smile_mturk_c032121_4428_3463,A1IC1DQ0QQBOOZ,Yes,6,5,good,nice
3/28/2021 14:32:23,smile_mturk_c032121_undefined_3392,A2WX227WZ2TRZF,Yes,6,6,I tried to memorize key words like names of people and places.,NA
3/28/2021 14:33:54,smile_mturk_c032121_4413_3445,A373ZHDG0UNHHZ,Yes,6,5,good,good
3/28/2021 14:34:16,smile_mturk_c032121_undefined_3449,A237PUN7791D62,Yes,6,6,No strategies. I just read the stories as usual. ,No
3/28/2021 14:34:52,smile_mturk_c032121_4370_3400,A3W2AUFBNUPIUW,Yes,5,6,I tried to pay attention to dates and number in general.,It was cool. I liked it.
3/28/2021 14:34:57,smile_mturk_c032121_4311_3343,ACM1CEGHXTKZP,Yes,6,6,,
3/28/2021 14:36:06,smile_mturk_c032121_4364_3394,A1QGG767E07WBA,Yes,7,7,"No strategies, just tried to read and comprehend what the text was about.",n/a
3/28/2021 14:36:34,smile_mturk_c032121_4336_3366,A1JG342PWI2PTC,Maybe,5,7,I tried to mentalize the stories in my mind.,Some texts were complex to understand for those who are not native English speakers.
3/28/2021 14:37:21,smile_mturk_c032121_4349_3379,A24FFVVBYST8P2,Yes,4,5,No,Interesting study
3/28/2021 14:37:54,smile_mturk_c032121_4436_3471,A3IDWLRXWYXBWN,Yes,7,7,no,no
3/28/2021 14:39:00,smile_mturk_c032121_4435_3470,A2N9U74YIPDQ9F,Yes,6,7,I tried to remember hard facts in what I read,no comments
3/28/2021 14:42:18,smile_mturk_c032121_4301_3332,A355AKNHYKLVMD,Maybe,5,6,"I tried to pay attention to some of the specific details like the names of people, what numbers were specified. Any specific information that felt important to remember.","It was a very enjoyable survey. Unique, and somehow fun to do. I really liked being able to see my average reading speed at the end and what font I read the easiest!"
3/28/2021 14:42:40,smile_mturk_c032121_4442_3477,A25CZJEFKXF4UV,Yes,7,7,,
3/28/2021 14:45:33,smile_mturk_c032121_4408_3439,A3TY0AVHVTOVJ7,Yes,7,7,well am a fast reader ,none
3/28/2021 14:45:35,smile_mturk_c032121_4318_3351,A3A6BVDDO2M1C9,Yes,7,7,no,no
3/28/2021 14:45:45,smile_mturk_c032121_4314_3346,AXCPRXO08DFAH,Yes,4,7,Nothing. I just read normally.,It is difficult and underpaid.
3/28/2021 14:46:40,smile_mturk_c032121_4322_3356,A1R3AG41BKW22B,Yes,6,6,no strategy,no
3/28/2021 14:49:09,smile_mturk_c032121_4420_3454,A111ZFNLXK1TCO,Yes,6,4,reading after answer the questions ,interesting survey
3/28/2021 14:52:45,smile_mturk_c032121_4459_3094,AI9YR5E1S3U19,Yes,5,4,NONE,GOOD
3/28/2021 14:53:02,smile_mturk_c032121_4457_3490,A1NLXD111QHDKZ,Yes,7,7,NO,NO
3/28/2021 14:53:25,smile_mturk_c032121_4446_3480,A2PYXFVGNJPPX0,Yes,7,6,none,none
3/28/2021 14:54:29,smile_mturk_c032121_4424_3458,A1SSYTZ3FBSBEX,Yes,5,5,I stayed focused on assimilated the passages very well,it is a great survey
3/28/2021 14:55:27,smile_mturk_c032121_4433_3468,APSN3KV49VLKX,Yes,6,5,I am just read the passage,Good Study
3/28/2021 14:55:45,smile_mturk_c032121_4412_3446,A35YYWMXO0MP9B,Yes,6,5,A35YYWMXO0MP9B,A35YYWMXO0MP9B
3/28/2021 14:55:47,smile_mturk_c032121_4451_3485,A29GLTXKFWGH1Z,Yes,4,5,no,no
3/28/2021 14:59:31,smile_mturk_c032121_4410_3443,A281NYJUA83Y3Y,Yes,5,3,I just tried to read and remember the stories to the best of my ability.,No other comments to add
3/28/2021 15:00:18,smile_mturk_c032121_4470_3095,A13ASIJ31D76UN,Yes,5,4,none,good
3/28/2021 15:00:58,smile_mturk_c032121_undefined_3441,A2MOKIEQZ0OF2M,Yes,5,6,Look for certain words that stood out.,No
3/28/2021 15:01:47,smile_mturk_c032121_4460_3491,smile_mturk_c032121_4460_3491,Yes,6,7,none,none
3/28/2021 15:04:06,smile_mturk_c032121_4471_3032,A2N39KH7N8TB3Z,Yes,7,7,no,no
3/28/2021 15:04:17,smile_mturk_c032121_4367_3396,A1T7EB1WEDCMXV,Yes,6,7,"I just read the texts as fast as I could and sort of pictured what I was reading about as I read it. Other than that, I didn't use any particular strategy.","It wasn't difficult, and I didn't experience any issues. Other than that, I don't have any comments."
3/28/2021 15:04:34,smile_mturk_c032121_4454_3488,A2YLK83DQ6PA5Y,Maybe,5,7,"There is more to font choice than reading speed, in my own layouts I choose them for ambience, suitability, and sometimes even because I want the reader to linger. ","Fascinating, thank you for this study and good luck with your research. I had no issues and I appreciate the progress counter very much."
3/28/2021 15:04:52,smile_mturk_c032121_4312_3344,A3E3R2Y577HGEN,Yes,7,7,read carefully,
3/28/2021 15:05:23,smile_mturk_c032121_4368_3398,A1M5F7Z7U5AKPB,Yes,6,5,nice,good
3/28/2021 15:06:42,smile_mturk_c032121_4452_3486,A303MN1VOKQG5I,Maybe,5,7,GOOD,NONE
3/28/2021 15:08:31,smile_mturk_c032121_4390_3421,AYMJAMX7Z7YHG,Yes,6,6,none,good
3/28/2021 15:09:15,smile_mturk_c032121_undefined_3431,A16JX1MOPDCYDN,Yes,6,6,yes, example
3/28/2021 15:09:51,smile_mturk_c032121_4447_3481,good,Yes,6,7,,
3/28/2021 15:16:39,smile_mturk_c032121_4475_3504,A3G8OON0TDPN1E,Maybe,6,4,focus,cool beans
3/28/2021 15:18:23,smile_mturk_c032121_4330_3362,AIMISGP5O86T4,Yes,7,6,I remember the stories,No
3/28/2021 15:19:20,smile_mturk_c032121_4398_3429,A292N98YNVO16T,Yes,6,6,none,none
3/28/2021 15:19:46,smile_mturk_c032121_4485_3514,A1IJDXK94D2VX6,Yes,6,5,good,good
3/28/2021 15:21:42,smile_mturk_c032121_4343_3373,A1O58TWCFPT0QR,Yes,4,4,no,no
3/28/2021 15:22:11,smile_mturk_c032121_4489_3519,A3EXV3M9E7QB8C,Yes,5,6,no,no
3/28/2021 15:22:43,smile_mturk_c032121_4486_3515,A1VU57PMNIC1B8,Yes,5,6,good,nice
3/28/2021 15:27:30,smile_mturk_c032121_4493_3523,ADLZLGHKOAEE6,Yes,6,7,iti,iti
3/28/2021 15:27:50,smile_mturk_c032121_4440_3474,A36LPIFH0MEX7,Yes,7,6,Nice,No
3/28/2021 15:29:09,smile_mturk_c032121_4481_3510,A1V2H0UF94ATWY,Yes,7,7,I did not have a strategy; just read the passages and answered the questions to the best of my ability.,Would be fun to know which font allows for best comprehesion.
3/28/2021 15:30:14,smile_mturk_c032121_4472_3501,A3TUMZ954ORSUC,Yes,6,6,none,none
3/28/2021 15:31:27,smile_mturk_c032121_4462_3493,A3ST8XFT4X93KP,Yes,5,4,yes,yes
3/28/2021 15:31:28,smile_mturk_c032121_4479_3508,A7EP668Z0WF6G,Yes,5,7,I just read and tried to pay attention to the small details,"I found it very easy to understand, a great study, you can call me for more"
3/28/2021 15:33:51,smile_mturk_c032121_4494_3524,A3OT9EHUD1UORR,Yes,6,7,good,good
3/28/2021 15:35:28,smile_mturk_c032121_4473_3502,smile_mturk_c032121_4473_3502,Yes,7,7,excellent,nice
3/28/2021 15:35:43,smile_mturk_c032121_4491_3521,A1SBFOZG5J97Z1,Yes,7,6,none,yes
3/28/2021 15:38:08,smile_mturk_c032121_4397_3428,A3U0FFNZK1X79D,Yes,4,6,nice,no
3/28/2021 15:39:10,smile_mturk_c032121_4501_3531,A23761J8YYFKP2,Yes,5,4,no,no
3/28/2021 15:44:10,smile_mturk_c032121_4498_3528,A1QEQOI98976S0,Yes,4,3,,
3/28/2021 15:45:55,smile_mturk_c032121_4496_3526,A3SQNANPDAFD67,Yes,6,7,good,nice
3/28/2021 15:47:18,smile_mturk_c032121_4490_3520,A25KM5DM1Z09ZN,Yes,5,6,LOOK FOR KEY WORDS AS I READ,"LOVED THIS SURVEY AND STUDY, ONE OF MY FAVORITES."
3/28/2021 15:49:03,smile_mturk_c032121_4480_3509,A2JLGAPJIO3XIY,Yes,7,6,I try visualise,No
3/28/2021 15:49:26,smile_mturk_c032121_4497_3527,AAH6HJWRC4JD2,Yes,6,5,good,nice
3/28/2021 15:49:32,smile_mturk_c032121_4463_3494,A1THGJ00ESO254,Maybe,5,5,nice,very nice
3/28/2021 15:49:51,smile_mturk_c032121_4438_3472,AFV9RX3T7ZHIB,Maybe,5,3,nice,no
3/28/2021 15:50:17,smile_mturk_c032121_4508_3537,A2FFYLWXNYR0LE,No,6,6,NO,NO
3/28/2021 15:51:58,smile_mturk_c032121_4509_3538,A3GGA7I8AFZ8KZ,Yes,5,4,after reading answer the all questions ,interesting
3/28/2021 15:55:55,smile_mturk_c032121_4455_3489, A24FN5BK5L9I2S,Yes,6,5,I went through the main key words in the passage mainly and checked them multiple times to answer the questions.,This was great task. I really enjoyed doing it.
3/28/2021 15:57:05,smile_mturk_c032121_4444_3478,A2AZUVTO38W7JE,Yes,7,6,I used my finger as a pointer.,None.
3/28/2021 15:59:04,smile_mturk_c032121_4504_3534,A35LWWZHYTBJES,Yes,6,7,good,good
3/28/2021 15:59:44,smile_mturk_c032121_4507_3354,A12UTVV3DW7YPX,Yes,6,4,thank you,nothank you
3/28/2021 16:00:14,smile_mturk_c032121_4511_3540,A2BAQ26SMQQEUG,Maybe,6,6,none,none
3/28/2021 16:02:01,smile_mturk_c032121_4510_3539,A22KU9EVF6IMAR,Yes,4,6,NO,NICE
3/28/2021 16:07:04,smile_mturk_c032121_4465_3374,A1K8VUKRL53OX,Yes,6,5,none,none
3/28/2021 16:08:15,smile_mturk_c032121_4467_3498,A2Z1THR06O9CWI,Yes,5,6,Nice,No
3/28/2021 16:09:40,smile_mturk_c032121_4384_3414,AU2J5OINSGEGY,Yes,3,2,"No. Just used to reading, maybe a culture. ",none
3/28/2021 16:10:38,smile_mturk_c032121_4500_3530,A13FUEPWBCLBUY,Yes,7,7,I just tried to read as normal as possible but not too quickly so as to not be able to retain the information in the passages.,No additional comments.
3/28/2021 16:12:55,smile_mturk_c032121_4441_3475,A3UTSRN8QLKWEA,Yes,5,4,nothing,nice
3/28/2021 16:14:42,smile_mturk_c032121_4506_3536,AKJ22H1NTVIQX,Maybe,6,4,I was worried about losing composition understanding. So I kept it pretty average speed.,none
3/28/2021 16:15:32,smile_mturk_c032121_4325_3358,A191V8LNTTLHSA,Yes,6,5,Nice,No
3/28/2021 16:17:50,smile_mturk_c032121_4347_3377,AJ9IY4IHOGB8,Yes,6,6,Very Nice,Nothing
3/28/2021 16:22:48,smile_mturk_c032121_4429_3464,A1ZZHJB71KSJ90,Yes,7,6,Nothing,Nice Study
3/28/2021 16:35:35,smile_mturk_c032121_4516_3545,A14QFRGIYIMNHN,Yes,7,7,GOOD,GOOD
3/28/2021 16:36:09,smile_mturk_c032121_4477_3506,A16YRC3B7Y3M20,Maybe,6,5,nice,no
3/28/2021 16:40:38,smile_mturk_c032121_4519_3548,A2R69HVTTAPQNU,Maybe,4,5,no,NICE
3/28/2021 16:41:48,smile_mturk_c032121_4512_3541,A2V4DP31BEVABF,Maybe,7,6,No particular strategy.,None.
3/28/2021 16:44:29,smile_mturk_c032121_4518_3547,A38VFGL477QDJC,Yes,6,5,I look for a bold font,It is interesting
3/28/2021 16:51:52,smile_mturk_c032121_4517_3546,ADXHWQLUQBK77,Maybe,6,6,I just tried to read to get the information that the passage contained.,"No, but nothing was confusing."
3/28/2021 16:52:35,smile_mturk_c032121_4503_3533,AEQI66Y2JSY05,Maybe,5,5,"Not really, I just read normally.","The subject materials were quite interesting, for the most part. "
3/28/2021 16:54:20,smile_mturk_c032121_4524_3553,A3GVKB5XT6G8M4,Maybe,4,6,no,nice
3/28/2021 16:56:29,smile_mturk_c032121_4523_3552,AZ5ZYUCAQ0XDL,Maybe,6,6,"I think spacing played the biggest role, especially how quickly I could switch between lines. Medium length lines seemed best.",
3/28/2021 16:56:56,smile_mturk_c032121_4520_3549,A1O51ZAYABZYI5,Maybe,5,3,NICE,NO
3/28/2021 16:59:40,smile_mturk_c032121_4521_3550,ADAQIHMKC6NVC,Yes,6,6,,
3/28/2021 17:04:07,smile_mturk_c032121_4468_3499,A1BLNCSZ7GAL4T,No,7,7,I am read fully concentrate only.,Good study
3/28/2021 17:09:38,smile_mturk_c032121_4532_3561,A1B5SSGMTAQ9B5,Yes,5,4,none,no
3/28/2021 17:10:36,smile_mturk_c032121_4515_3544,A35XQCG65WLKVL,Yes,7,7,try to recalling what i have read ,Nothing
3/28/2021 17:13:06,smile_mturk_c032121_4522_3551,AQOOGTL2ZH1GJ,Maybe,5,3,NICE,NO
3/28/2021 17:24:02,smile_mturk_c032121_undefined_3457,AJRY9ALX8069Y,Yes,6,6,No strategies that I can think of. I just read my best.,no
3/28/2021 17:33:53,smile_mturk_c032121_undefined_3563,A2AZYU1CT24O0K,Maybe,6,7,Tried to imagine the information,
3/28/2021 18:07:36,smile_mturk_c032121_4329_3363,A3PD39CPYO5BFG,Maybe,5,5,fast reading and nice,no
3/28/2021 18:07:59,smile_mturk_c032121_4537_3569,A2R75YFKVALBXE,Yes,6,6,"No strategies, just read the material and answered the questions. I read a lot, so this is second nature to me.","None, thanks!"
3/28/2021 18:19:37,smile_mturk_c032121_4545_689,A1CF1W8CP0DHB0,Yes,7,6,iti,iti
3/28/2021 18:24:42,smile_mturk_c032121_4541_3574,A2D342FWN7IG35,Yes,7,7,"nothing specific, just trying to read like I would read a book.","nope, great HIT, thanks!"
3/28/2021 18:35:12,smile_mturk_c032121_4542_3575,A1FPCIKO68OQ63,Yes,6,6,"Yes, full focus on mind and reading fast.",Good for learning
3/28/2021 18:55:50,smile_mturk_c032121_4484_3513,A33JXCASTTXV5J,Maybe,4,5,FAST READING NICE,NO
3/28/2021 19:28:03,smile_mturk_c032121_4552_3584,A3V2XCDF45VN9X,Yes,6,6,line-by-line,none
3/28/2021 19:29:17,smile_mturk_c032121_4514_3543,A1D01RCB90UYWK,Maybe,4,5,fast reading and nice,no
3/28/2021 19:39:32,smile_mturk_c032121_4548_3580,A1FKEFRPAK2U8L,Maybe,7,5,I just hyper-focused on the text and hoped for the best.,NA
3/28/2021 19:43:56,smile_mturk_c032121_4556_3588,A3P7AXWF57BHNX,Yes,6,6,I just tried to read as fast as I could. ,Everything was clear. It was a little difficult knowing I should only read the passages once. I generally will reread something if I feel I didn't retain all the information.
3/28/2021 19:50:53,smile_mturk_c032121_4559_3591,A34LG3H61WLXW1,Yes,6,4,none,good
3/28/2021 19:51:44,smile_mturk_c032121_4549_3581,AMHUDJ44HF1ZH,Yes,7,7,None,None
3/28/2021 20:01:27,smile_mturk_c032121_4547_3579,A16LGXBY9V4D97,Yes,7,7,YES,
3/28/2021 20:14:44,smile_mturk_c032121_4558_3590,A1F2APQMJSQVFK,Yes,6,6,i took note of important information in the study because i knew they were goiing to ask questions after,
3/28/2021 20:16:08,smile_mturk_c032121_4560_3592,A2CY1TSQ3KKP5Q,Maybe,4,6,I did not use any strategies,It was well organized and easy to understand
3/28/2021 20:18:52,smile_mturk_c032121_4561_3593,A2ONILC0LZKG6Y,Maybe,6,5,"I don't know that I had any particular strategies, other than trying to slow myself down. My normal method of reading is to read through each page multiple times, once very quickly to get some key terms to ""prime"" my brain for a second read through. I'm much more likely to maintain interest and remember that way. But you requested we not do so. So to have any chance of remembering on just one read through I had to go a bit slower than normal. ","I'm not sure if reading fast is necessarily a good thing - I can read very fast and see/process every word, but not remember any of it. In one eyeball out the other so to speak. I like fonts that are well spaced best, as that slows me down a bit, and also helps key words stand out on my first read/skim through a page so that on the second read it all really sticks."
3/28/2021 20:27:15,smile_mturk_c032121_4557_3589,A1TW60NCALLP12,Yes,6,5,I focus on a font style,no
3/28/2021 20:41:01,smile_mturk_c032121_4564_3595,A19GH3HPYV3XSV,Yes,7,7,I used nothing especially,"Why did you cut the texts on middle, and why couldn't I read loadly?"
3/28/2021 20:43:39,smile_mturk_c032121_4569_3600,A1EUJEHDI66UTJ,Maybe,6,7,"yes,remember it","it was easy , but some difficult"
3/28/2021 20:44:06,smile_mturk_c032121_4571_3602,ABMX3XETGFAAE,Yes,7,6,GOOD,GOOD
3/28/2021 20:51:21,smile_mturk_c032121_4550_3582,ADYYCYVBZE1V5,Maybe,4,5,fast reading and nice,no
3/28/2021 20:52:58,smile_mturk_c032121_4567_3598,A2OVET58SDVSB2,Maybe,3,3,no strategy used,no
3/28/2021 21:05:35,smile_mturk_c032121_4581_3610,AC54HUSIFWSP,Yes,7,7,"Taking effective notes in lectures and tutorials is an essential skill for university study. Good note-taking allows a permanent record of key information that you can integrate with your own writing, and use for exam revision. Taking reliable, accurate notes also reduces the risk of plagiarising","For me, I learn and retain much more through an online class due to the fact you can do the course as an ¡§open book.¡¨ This really makes me search for the ...
"
3/28/2021 21:06:57,smile_mturk_c032121_4586_3615,ACKG8OU1KHKO2,Yes,6,5,None,It was interesting
3/28/2021 21:09:23,smile_mturk_c032121_4585_3614smile_mturk_c032121_4585_3614,A2CK0OXMPOR9LE,Yes,3,4,"I initially must not have understood the instructions because I spent a lot of time on the main choosing between fonts section. After, it was a matter of trying to read fast while not going back and rereading the font and trying to concentrate, which for me when reading (depending on the material) is difficult, so I don't know if I agree with the wpm reading number.",none
3/28/2021 21:13:16,smile_mturk_c032121_4565_3596,A3VP14XN3WUUOC,Maybe,6,5,"yes,remember it",it waseasy.but some difficulf
3/28/2021 21:14:50,smile_mturk_c032121_4582_3611,A1NRY8F9U4AYEK,Maybe,6,5,"yes,rem emberit",itwaseasy.bar some difficalt
3/28/2021 21:14:51,smile_mturk_c032121_4584_3613,A32Q6TNSAG4U3I,Yes,6,5,while reading I remembered the story and looks carefully to the text its makes me understand clearly ,
3/28/2021 21:17:56,smile_mturk_c032121_4591_3620,A1ORUO2MGV9AT6,Yes,4,6,nothing,interesting
3/28/2021 21:22:15,smile_mturk_c032121_4587_3616,AA4O2W236E3FW,Maybe,4,6,None.,N/A
3/28/2021 21:26:54,smile_mturk_c032121_4574_3604,A2ZP67F7PDFFLF,Maybe,7,6,"I tried to focus to the maximum on the information and types of source, but it was a problem because when I concentrated on some information, I ended up not knowing the simple answer of a few questions.","thanks for presenting the results at the end, I found it interesting."
3/28/2021 21:29:59,smile_mturk_c032121_4597_3626,A1M8MNKK8H5ZGW,Maybe,7,6,"yes,rem,emberit",it waseasy.but some difficult
3/28/2021 21:30:42,smile_mturk_c032121_4590_3619,A28Z98VFBY06YJ,Maybe,6,5,"yes,rem emberit",it was easy.bar some difficalf
3/28/2021 21:31:22,smile_mturk_c032121_4576_3606,AKSJ3C5O3V9RB,Yes,7,7,"Well, I tried to avoid my tendency of doubting my comprehension, which is not necessarily accurate and often times detrimental as it makes me forget things that I would have remembered had I not been debating the level of my reading comprehension and whether I should re-read a snippet. This is one of the main hindrances I encounter so I tried to address this consciously.","This study was interesting, engaging, and well-designed. I have always felt strongly that reading speed/comprehension are significantly influenced by font selection and character spacing, which is why the lack of readily accessible ways to adjust these settings has always frustrated me. "
3/28/2021 21:33:14,smile_mturk_c032121_4594_3622,A26WVAVVE1RM47,Yes,5,6,"read a sentence then try to memorize what was just read, and so forth with the rest.",Everything was clear.
3/28/2021 21:35:08,smile_mturk_c032121_4601_3630,A18T7E73TNGOKP,Yes,7,7,"no, I just tried my best","no, it was fun, thank you"
3/28/2021 21:38:12,smile_mturk_c032121_4589_3618,A2YDW8YH92OTMJ,Yes,6,7,no,good
3/28/2021 21:38:50,smile_mturk_c032121_4604_3633,A3BPENSX5EVJ2H,Maybe,6,4,"YES,REM EMBERIT",IT WAS EASY.BAR SOME DIFFILALF
3/28/2021 21:43:49,smile_mturk_c032121_4603_3632,A3OD4F0SA7EBCL,Maybe,6,5,"yes,remember it","it waseasy,but some difficult"
3/28/2021 21:45:14,smile_mturk_c032121_4599_3628,A32F5JI04GX6T6,Yes,7,7,nothing,no
3/28/2021 21:47:00,smile_mturk_c032121_4607_3636,AN26GE0GN8DP0,Maybe,7,5,yes.ramember it,it waseasy.but some difficult
3/28/2021 21:48:36,smile_mturk_c032121_4606_3635,AURYD2FH3FUOQ,Maybe,6,7,"No, I just tried to read fast, but I did pause a couple of times to try to remember facts.",n/a
3/28/2021 21:57:17,smile_mturk_c032121_4612_3642,AMWN796XA8EMA,Maybe,5,6,nice,no
3/28/2021 21:57:57,smile_mturk_c032121_4617_3646,A1YSUODAISGHEW,Maybe,5,6,nothing,No
3/28/2021 21:59:04,smile_mturk_c032121_4619_3648,A29R1LR84VSJU3,Maybe,5,4,nice,no
3/28/2021 22:11:25,smile_mturk_c032121_4613_3641,A2WWYVKGZZXBOB,Maybe,1,1,,
3/28/2021 22:12:49,smile_mturk_c032121_4616_3645,ACJ12KIXGZZFH,Yes,5,4,I tried read as fast as I could,no
3/28/2021 22:13:57,smile_mturk_c032121_4620_3649,AZSB87DCJL4QB,Yes,6,6,I just read as fast as I could as the instructions suggested. I think I really overthought whether the font was helpful in reading faster or not. It was hard to concentrate on that aspect when you're trying to understand the content of the study.,None
3/28/2021 22:13:58,smile_mturk_c032121_4614_3643,AQNCH42WD4ITI,Maybe,5,4,none,"Both at work and in academic life, I am used to having information available at any time. My short memory is not my strong point, or something that I try to improve. Reading and remembering is not something I'm used to."
3/28/2021 22:17:38,smile_mturk_c032121_4623_3652,A20RCHED1QJNFN,Yes,5,4,"In fact, research indicates that there's a 34 percent chance that students will remember ","Discussions can be an excellent strategy for enhancing student motivation, fostering"
3/28/2021 22:18:57,smile_mturk_c032121_4618_3647,A29QX2ME6TDSV4,Maybe,4,4,no,nice
3/28/2021 22:26:42,smile_mturk_c032121_4624_3653,A1WPBIRI0HGTWG,Yes,7,6,,It was simple and well explained so i had no problems.
3/28/2021 22:37:47,smile_mturk_c032121_4631_3657,A3JAM040VWXHDO,Maybe,3,5,"No, The topics varied greatly in interest so I just tried to focus.",None
3/28/2021 22:38:29,smile_mturk_c032121_4596_3625,AP5SVMS8Q3L0F ,Yes,7,7,"the bigger and more spaced fonts make me read faster, I really have difficulties with small fonts and together.","the study is not difficult, but very interesting. I really enjoyed participating."
3/28/2021 22:50:59,smile_mturk_c032121_4635_3661,A1KWIJXTC47YWE,Maybe,5,4,I tried to read fast and retain what I read.,Sometimes I reread a few words. I think in part it is a habit. I apologize.
3/28/2021 22:59:18,smile_mturk_c032121_4636_3662,AIKG5FR44WDF7,Yes,6,7,GOOD,NOTHING
3/28/2021 23:09:26,smile_mturk_c032121_4627_3656,A2XJDLYD8QLN2T,Yes,7,6,GOOD,NOTHING
3/28/2021 23:19:20,smile_mturk_c032121_4621_3650,A3ATSR1NVX851J,Yes,7,7,"I tried to focus on key words, which would become decisive words in the passage.","In general, it was quiet, I found no errors and to some extent I found it simple to solve. I felt a little difficult in 1 or 2 passages, that I was unable to memorize the key words of the text."
3/28/2021 23:26:41,smile_mturk_c032121_4640_3664,AVPCUQOQEPTCI,Yes,5,4,none,none
3/28/2021 23:41:34,smile_mturk_c032121_4632_3658,A2VNHVYA730F7Z,Yes,7,6,GOOD,NOTHING
3/28/2021 23:49:35,smile_mturk_c032121_4643_3667,A2VM7CXPB0M1JO,Yes,7,6,good,nothing
3/28/2021 23:55:55,smile_mturk_c032121_4641_3665,A1T1FK3P2N408U,Yes,5,6,good one,very interesting and good one
3/28/2021 23:58:25,smile_mturk_c032121_4646_3669,A3JTDNRJYVCGQD,Yes,7,7,"No, not really. I just read at my normal pace while trying to take in all the information.","No, everything was very straightforward and easy to understand. I actually found it interesting to find out what my best font for reading is. Thanks!"
3/29/2021 0:04:50,smile_mturk_c032121_4642_3666,AGK30V341UN88,Yes,5,4,"Nothing, I just read and understood in my mind. That's all.",It's very interesting. I didn't find anything confusing during the test. I enjoyed doing this task.
3/29/2021 0:10:52,smile_mturk_c032121_4639_3663,A235FPDFFWUZI7,Yes,7,7,NOTHING,NO
3/29/2021 0:26:33,smile_mturk_c032121_4615_3644,AB77P0ABU54TS,Maybe,5,5,nothing ,it easy but tough
3/29/2021 0:37:09,smile_mturk_c032121_4652_3676,A11W55U13HODN1,Yes,7,4,I just did my best.,
3/29/2021 0:42:04,smile_mturk_c032121_4650_3673,A3G5OWGKHW6OL5,Maybe,6,7,I read normal and tried to remember key words or names that were in each story. Some fonts I had to be more careful and not try to read to fast because it seemed I would get lost a bit if I did.,I felt I understood the text more when the fonts had a bit more space.
3/29/2021 0:45:52,smile_mturk_c032121_4651_3674,A22W4Y4UI182L2,Yes,6,5,no,no
3/29/2021 1:01:27,smile_mturk_c032121_4648_3671,AGO9UYGVEHK7U,Yes,6,6,"No , I just read as usual",This study is very interesting. I'm very curious to do more exercises in the survey
3/29/2021 1:09:43,smile_mturk_c032121_4657_3681,A11TPUPFP2S4MK,Yes,5,5,,
3/29/2021 2:07:49,smile_mturk_c032121_4661_3685,A2LFVPB3RXLX3B,No,3,4,na,na
3/29/2021 2:59:25,smile_mturk_c032121_4664_3688,A3BOLOMVZO0DFJ,Yes,7,7,GOOD,NOTHING
3/29/2021 3:29:05,smile_mturk_c032121_4672_3690,A2NHP55T9ZX86Q,Yes,5,5,none,
3/29/2021 3:32:14,smile_mturk_c032121_4659_3683,A2OO4PG3LBLP5I,Yes,6,7,just normal reading,please use screeners to weed out repeats. There were no screeners used and no responses to my messages requesting verification of prior participation.
3/29/2021 3:42:47,smile_mturk_c032121_4668_3689,ANM0HE7ZQO0AL,Yes,7,6,GOOD,NOTHING
3/29/2021 4:41:32,smile_mturk_c032121_4658_3682,A19FSND0BO2IUT,Yes,6,7,VERY INTERSTING ,NOTHING
3/29/2021 6:15:57,smile_mturk_c032121_4676_3694,A3CEIF2OXTCLGN,Yes,6,6,No,No
3/29/2021 6:50:03,smile_mturk_c032121_4679_3697,A2ZTIO880HX2WP,Yes,6,5,NOTHING,NOTHING
3/29/2021 6:53:06,smile_mturk_c032121_4677_3695,A2R1O5M28TA0K4,Yes,7,6,nothing,good
3/29/2021 6:53:11,smile_mturk_c032121_4678_3696,AC1NK8NJ84V8Y,Yes,7,6,no,good
3/29/2021 7:20:42,smile_mturk_c032121_4682_3700,A179M1VP5QMHNW,Yes,5,6,good,easy
3/29/2021 8:09:17,smile_mturk_c032121_4688_3705,A1H21X9Y1BLQWO,Yes,5,5,no,no
3/29/2021 8:22:39,smile_mturk_c032121_4687_3704,A8F6JFG0WSELT,Yes,5,6,I remembered the key points and keep the time limit to read faster.,N/A
3/29/2021 8:31:59,smile_mturk_c032121_4690_3706,AKRTHKOT1XMQD,Yes,6,7,no,good
3/29/2021 9:50:24,smile_mturk_c032121_4691_3707,A382SL9ROIY1P6,No,7,5,,Interesting task. Looking forward to working with you in the future
3/29/2021 15:38:40,smile_mturk_c032121_4695_3712,A3VWWG2A0T60HZ,Maybe,5,3,no strategy,no
3/29/2021 15:45:05,smile_mturk_c032121_4696_3713,A1NFBKUYYVUYWF,Yes,6,7,I really didn't have any strategies. I just read the material and tried to remember what I thought was important.,"Nothing was confusing. It was rather easy and I have to say that I probably read faster normally, especially when I don't have to worry about remembering facts from the material (like when I read fiction books). It did help that the material was interesting."
3/30/2021 9:33:01,smile_mturk_c032121_4738_3748,AKKYKO5L8Y9NV,Yes,6,6,none,This was fun! Would do more.
3/30/2021 9:33:13,smile_mturk_c032121_4722_3731,A4GGEF7TZ6KFS ,Maybe,5,5,,
3/30/2021 9:36:43,smile_mturk_c032121_4735_3745,A22ABLVEI5EGPL,Yes,6,6,"No, I just read normally",Everything was easy to understand.
3/30/2021 9:38:13,smile_mturk_c032121_4739_3749,A2YCMT5BPA0AG9,Yes,6,6,I really didn't have any to be honest,I do not
3/30/2021 9:38:19,smile_mturk_c032121_4726_3736,AT8NZHF93U6XT,Yes,6,5,no,nothing
3/30/2021 9:39:20,smile_mturk_c032121_4751_3761,A3RKG5PZN97RD5,Yes,6,6,I had no strategy,nothing confusing
3/30/2021 9:41:33,smile_mturk_c032121_4759_3769,A3KFFIBJZVM0J2,Yes,7,6,"I just read the words, no special strategy",No
3/30/2021 9:42:21,smile_mturk_c032121_4752_3762,A1ZDR2UN7M92LI,Yes,7,6,"None, I just went at my normal reading pace",Thanks
3/30/2021 9:44:37,smile_mturk_c032121_4764_3774,A3KVKK1XLBTSN3,Yes,7,6,"Not really, I just took the time to absorb the text that I was reading.","I enjoyed this study, it was unique."
3/30/2021 9:46:01,smile_mturk_c032121_4761_3771,A1RCBWN98I5B90,Yes,7,7,just tried to read as fast and clear as i could,
3/30/2021 9:47:04,smile_mturk_c032121_4727_3739,A2MSJRDUC5X680,Yes,6,7,nice,good
3/30/2021 9:47:26,smile_mturk_c032121_4755_3765,A2ID2YX15N3IRM,Yes,5,5,,
3/30/2021 9:48:33,smile_mturk_c032121_4765_3775,A1JJYY622DGE5L,Maybe,6,4,I just read as I normally would while remembering to not reread. ,It was interesting
3/30/2021 9:50:23,smile_mturk_c032121_4771_3780,AGYU1N4MKSK04,Yes,7,7,nothing its good,nothing confusing its good survey
3/30/2021 9:51:17,smile_mturk_c032121_4737_3747,A2POU9TTW177VH,No,4,1,Went at the fastest pace I felt comfortable,None
3/30/2021 9:51:38,smile_mturk_c032121_4733_3744,A19M1TGTL9HKHB,Maybe,7,3,I didn't use any strategy's that i can think of.,it was a good hit. thank you
3/30/2021 9:52:11,smile_mturk_c032121_4767_612,A2YTO4EY3MNYAJ,Yes,7,1,None other than just reading,none
3/30/2021 9:52:40,smile_mturk_c032121_4721_3732,A1KFUXSVGSHL5Z,Yes,5,6,No strategy in particular,
3/30/2021 9:52:49,smile_mturk_c032121_4768_3777,A3G5IPGLH1IIZN,Yes,5,5,"I would've thought that my interest in the text, contributed to the speed.",nothing confusing
3/30/2021 9:54:41,smile_mturk_c032121_4729_3738,A1ZEOAAKKV1NLP,Yes,6,4,I did move my cursor along what I read to keep my place,no
3/30/2021 9:55:24,smile_mturk_c032121_4746_3756,A1VBAI9GBDQSMO,Yes,7,6,none,none
3/30/2021 10:00:08,smile_mturk_c032121_4788_3795,A1IHI23KH87K5W,Yes,7,6,"No, I just read the information at normal reading speed and remembered (most) of it.",Nothing.
3/30/2021 10:00:16,smile_mturk_c032121_4740_3750,A2XJH3WC02RMXQ,No,4,5,,
3/30/2021 10:01:57,smile_mturk_c032121_4750_3760,A2P8VWIWUWMOIL,Yes,7,6,quickly memory,good task
3/30/2021 10:02:48,smile_mturk_c032121_4758_3768,A1IU5OP7BBZHZ7,Maybe,6,7,no strategy,no
3/30/2021 10:05:00,smile_mturk_c032121_4717_3727,A3VLGVKJOHU58D,Yes,7,7,I gave the readings my full attention and focus.,This was fun!
3/30/2021 10:06:32,smile_mturk_c032121_4803_3806,A1PTH9KTRO06EG,Maybe,5,4,I just read as i normally do and tried to answer the questions the best i could.,Great format and easy to take. Interesting study!
3/30/2021 10:08:50,smile_mturk_c032121_4731_3741,A3QQD8CMGDUN8X,No,4,5,NO,NO
3/30/2021 10:09:55,smile_mturk_c032121_4807_3810,A20SMUCY0FQA7Z,Yes,7,7,GOOD AND NICE SURVEY,NOTHING CONFUSING IT CLEAR AND GOOD SURVEY
3/30/2021 10:12:06,smile_mturk_c032121_4805_3808,A25N0K40JAZTN1,Maybe,7,4,I read as fast as I could while still being able to retain what I was reading from the various stories.,This was a very fun and interesting study. Thank you!
3/30/2021 10:15:04,smile_mturk_c032121_4811_3814,A1Z6F6EIUJFC6T,Yes,4,3,very good,No
3/30/2021 10:15:43,smile_mturk_c032121_4762_3772,A2IMGMVY8TRJE4,Yes,6,6,focus and attention,none
3/30/2021 10:16:58,smile_mturk_c032121_4736_3746,A1O4AAQX2KCD3N,Yes,7,6,I did not use any other strategies to complete this survey,The articles are interesting I like this survey very much. I did not have any confustion.
3/30/2021 10:18:34,smile_mturk_c032121_4745_3755,ATKLWAX72HM7A,Maybe,5,5,I tried to read as soon as possible.,it was easy.
3/30/2021 10:19:58,smile_mturk_c032121_4741_3751,A1WF1X8PQQJ2OQ,Yes,7,7,no,nothing
3/30/2021 10:20:38,smile_mturk_c032121_4820_3822,A2OD4LJKPZDL2J,Yes,7,7,NOTHING  ITS GOOD SURVEY ,NOTHING CONFUSING ITS GOOD SURVEY
3/30/2021 10:22:11,smile_mturk_c032121_4794_3799,A3S3WYVCVWW8IZ,Yes,5,6,I chose the font easiest on my eyes,
3/30/2021 10:27:04,smile_mturk_c032121_4725_3735,AUI3R928P63B0,Maybe,7,6,I did not use any strategies or rules to read faster.,
3/30/2021 10:27:46,smile_mturk_c032121_4799_3803,A3NI8HMVCT7SOF,Maybe,4,4,Simply memorise given font.,Happy to participate.
3/30/2021 10:27:51,smile_mturk_c032121_4757_3767,A1DVKS3R9SLQ1H,No,4,5,no,no
3/30/2021 10:37:01,smile_mturk_c032121_4836_3836,A10RZ4NVA82XGU,Maybe,5,7,i don't have any stategies,interesting one
3/30/2021 10:37:50,smile_mturk_c032121_4812_3815,A2YWCXYQYKC1MT,Yes,4,6,none,
3/30/2021 10:38:54,smile_mturk_c032121_4831_3831,A3329OQT52I6TJ,Yes,6,4,skimming,no
3/30/2021 10:39:20,smile_mturk_c032121_4832_3833,A3F0IB24N4G54T,Yes,5,6,skimming,Excellent
3/30/2021 10:39:23,smile_mturk_c032121_4844_3844,A2LAWUYEMWODHH,Yes,6,5,just read like I normally would,no
3/30/2021 10:49:57,smile_mturk_c032121_4813_3817,A2R6EIJYKZGUN8,Yes,6,7,"I used my usual pace to read, however I was cautious and in fact a bit slower in speed",None
3/30/2021 10:50:22,smile_mturk_c032121_4821_3823,A61D4WHCPPE7F,Yes,7,7,"I didn't use a specific strategy, I am used to reading at that speed when I want to be faster in my reading.",Nothing i can add.
3/30/2021 10:50:49,smile_mturk_c032121_4838_3838,A1OA84CGBXVU6M,No,7,7,,
3/30/2021 10:51:10,smile_mturk_c032121_4782_3791,ARQU35FJAKWZD ,No,7,7,I recorded the most important attributes and then contextualized them,great! Congratulations to the whole team.
3/30/2021 10:51:42,smile_mturk_c032121_4856_3854,A2WWKCWR04ZO1B,Yes,6,5,SKIMMING,NO
3/30/2021 10:53:17,smile_mturk_c032121_4801_3804,AQJWO4YPR3LUQ,Yes,7,7,I tried my best to comprehend even if the font was difficult for me,No
3/30/2021 10:56:07,smile_mturk_c032121_4843_3843,A2GTY8GLAYN9BU,Yes,5,6,SKIMMING,NO
3/30/2021 10:56:51,smile_mturk_c032121_4769_3778,A2NLDPL1UB7SW7,Maybe,6,6,None,None
3/30/2021 10:58:53,smile_mturk_c032121_4847_3846,A2J5N770I859WE,Yes,5,7,,Some of the comprehension questions were more difficult than I expected. The insights at the end were really interesting!
3/30/2021 11:00:29,smile_mturk_c032121_4786_3773,A2COPP4Y0UYN0B,Yes,5,6,"I didn't use any, I simply read.",It was easy and with no issues.
3/30/2021 11:05:27,smile_mturk_c032121_4865_3862,A3A590W83QQKBS,Yes,6,4,SKIMMING,NO
3/30/2021 11:05:33,smile_mturk_c032121_4842_3842,A2V27A9GZA1NR2,Yes,5,6,Just tried to focus on content (story ) as much as I could.,Thank You
3/30/2021 11:11:52,smile_mturk_c032121_4858_3856,A18SXC3JEN1O0U,Maybe,6,4,just focus,
3/30/2021 11:14:42,smile_mturk_c032121_4850_3848,A2Y2RVQO2UVFV1,Maybe,5,4,read my way,
3/30/2021 11:16:30,smile_mturk_c032121_4862_3860,A2ZDEERVRN5AMC,Maybe,5,1,"no strategies used, just my natural abilities.",I appreciate it.
3/30/2021 11:16:33,smile_mturk_c032121_4873_3869,AOZ5HHRV4LTJF,Yes,4,6,skimming,no
3/30/2021 11:16:48,smile_mturk_c032121_4800_612,A2Q4ILF5IEPAE3,Yes,6,5,I WILL REMEMBER ALL INFORMATIONS.,IT IS VERY INTERESTING AND USEFUL ONE.
3/30/2021 11:19:36,smile_mturk_c032121_4867_3864,ARLGZWN6W91WD,Yes,7,7,"None, just read like normal",It was very fascinating.
3/30/2021 11:19:52,smile_mturk_c032121_4870_3867,A3T9WZOUQGE2UW,Maybe,4,5,no comments,no comments
3/30/2021 11:20:20,smile_mturk_c032121_4793_612,A3BT4QRVBGA47H,Yes,5,4,i memories the study,no confusing this survey in new experience
3/30/2021 11:21:42,smile_mturk_c032121_4853_3851,A3LPZVG62RNVL8,Yes,4,6,Depends on font,
3/30/2021 11:22:20,smile_mturk_c032121_4849_505,A119NKB45VOGE5,Yes,6,6,I READ CLEARLY AND NOTE SOME IMPORTANT WORDS.,IT WAS VERY INTERESTING.
3/30/2021 11:23:29,smile_mturk_c032121_4816_3819,smile_mturk_c032121_4816_3819,Yes,7,5,VERY NICE,NICE
3/30/2021 11:24:26,smile_mturk_c032121_4841_3841,A6YDC07DBLRY2,Yes,7,7,Just paying attention to the details mainly.,"Yes, at the begging of the survey it was asked about my favorite font which I asked some fonts of studies and articles. I didn't realized it was about typeface. My favorite font in this case would be Roboto."
3/30/2021 11:26:52,smile_mturk_c032121_4878_3872,A49WTQG4MBT9Z,Maybe,6,6,I tried to skim through the text and grasp solid facts or points that might be used in the comprehension questions.,No
3/30/2021 11:27:52,smile_mturk_c032121_4833_3834,A21XTK9Y0QZ8AB,Yes,7,7,None,nothing
3/30/2021 11:30:11,smile_mturk_c032121_4855_3853,A304UJAE051J89,Yes,5,6,i just tried to read at my normal pace,fun!!
3/30/2021 11:31:42,smile_mturk_c032121_4789_612,A2GU626VQD0OJ9,Yes,6,4,I will study this and remember more information.,It is good experience in this survey.
3/30/2021 11:33:06,smile_mturk_c032121_4880_3873,AUFOO8PU2BK37,Maybe,4,4,I used no special strategies.,None.
3/30/2021 11:33:09,smile_mturk_c032121_4874_3870,A2APPZDU0VS9LN,Maybe,6,4,,
3/30/2021 11:35:14,smile_mturk_c032121_4826_3827,A3D2U4QF7821ZW,Yes,7,7,I tried to read at a speed that was fast but slow enough that I could absorb key details,No
3/30/2021 11:37:44,smile_mturk_c032121_4857_3855,A21ZYTE6WOKUA,Yes,7,7,Just reading all lines as fast as i can to beat the score,
3/30/2021 11:38:06,smile_mturk_c032121_4883_3876,A1N1ULK71RHVMM,No,5,7,I just tried to read it like normal and not reread so I was most accurate.,Harder to answer the questions than I thought it would be
3/30/2021 11:38:13,smile_mturk_c032121_4886_3880,A2SR9WL02COSQJ,Yes,5,6,Not strategies.. just read like I normally would. ,none
3/30/2021 11:39:51,smile_mturk_c032121_4888_3881,A2F00J61V5RIUK,Yes,6,6,I READ IT CAREFULLY AND MAKE SOME NOTE OF WORDS.,IT WAS VERY LIKEABLE AND INTERESTING TASK.
3/30/2021 11:46:21,smile_mturk_c032121_4730_3740,A1W7F4L83SEZXF,Yes,7,7,Remembered specific sentences ,Easy and good pay Thank you
3/30/2021 11:48:07,smile_mturk_c032121_4834_612,A3HLQWB5WTC7UL,Yes,7,7,No,No
3/30/2021 11:48:43,smile_mturk_c032121_4852_3850,A1VMPZVVVZUCS4 ,Maybe,5,6,"No strategies, just read like normal. Caveat that my short term memory is terrible unless I'm taking notes.",n/a
3/30/2021 11:51:15,smile_mturk_c032121_4884_3877,A3CMDYA9USA3MR,Yes,4,6,I will study this remember more information,It is good experience in this survey.
3/30/2021 11:51:23,smile_mturk_c032121_4893_3886,A28CTAQZT20JTM,Yes,6,7,,
3/30/2021 11:52:36,smile_mturk_c032121_4896_3888,A30Z35CHHL9GP2,Yes,6,5,I REMEMBER MANY INFORMATIONS.,IT IS VERY USEFUL AND INTERESTING.
3/30/2021 11:53:21,smile_mturk_c032121_4891_3884,AX2VR7850ON7L,Yes,5,6,I READ IT CAREFULLY AND DO IT WITH MY BEST TRY.,IT WAS VERY LIKABLE.
3/30/2021 11:58:37,smile_mturk_c032121_4894_3887,A2LASUDS4NLOZW,Yes,7,7,without strategy,easy
3/30/2021 11:59:30,smile_mturk_c032121_4894_3887,A2LASUDS4NLOZW,Yes,7,7,without strategy,easy
3/30/2021 12:01:15,smile_mturk_c032121_4901_3893,A12FCLCVIM2CL3,Yes,6,7,"Not really, just tried to read and pay attention.",
3/30/2021 12:01:36,smile_mturk_c032121_4885_3878,A2JG1NAFYN2PMJ,Yes,3,6,I read very carefully and gave attention to the fonts.,very interesting task
3/30/2021 12:17:53,smile_mturk_c032121_4879_3871,A3ANO03C3UBHUV,Yes,7,5,CONCENTRATE,NOTHING
3/30/2021 12:35:02,smile_mturk_c032121_4863_612,A161R7U61GXNFC,Yes,6,3,just followed instructions,no
3/30/2021 12:40:39,smile_mturk_c032121_4864_3861,A2VOCNVEQI8IPM,Yes,7,7,I kept repeating the key words in my mind,no
3/30/2021 12:50:07,smile_mturk_c032121_4914_3905,A1376QCT0WY4UO,Maybe,6,5,I didn't use any strategies to read faster.,It was interesting.
3/30/2021 12:55:19,smile_mturk_c032121_4910_3901,A3MWV912LNFD67,Maybe,7,7,None,No
3/30/2021 12:58:36,smile_mturk_c032121_4913_3904,A3FY6THWKRYN9M,Yes,5,7,"there were no strategies I used to complete the study, I just read it as I would normally.",everything was pretty simple. it was something that I did not find difficult.
3/30/2021 13:00:46,smile_mturk_c032121_4915_3906,A1MIR0TP081SKT,Yes,7,6,,
3/30/2021 13:03:56,smile_mturk_c032121_4919_3910,A2RMJNF6IPI42F ,Yes,7,6,no,no
3/30/2021 13:07:49,smile_mturk_c032121_undefined_3908,AL4QXJSJQGT4H,Yes,6,4,Focusing in on key details and repeating them in my head helped me remember more information.,no
3/30/2021 13:11:30,smile_mturk_c032121_4859_3857,A3Q9UK9RCL87O8,Yes,6,5,nice strategies of asking the questions,nothing
3/30/2021 13:12:24,smile_mturk_c032121_4899_3891,A8NMM0NXN9JIT,Yes,6,5,nice,nothing
3/30/2021 13:18:17,smile_mturk_c032121_4912_3903,A1BQ71W4QHT62P,Yes,7,5,I tried to memorize more numbers and names,I found the study very clear.
3/30/2021 13:19:08,smile_mturk_c032121_4766_3776,AX7OSIXM5K9TR,Yes,6,6,nothing,nice
3/30/2021 13:22:20,smile_mturk_c032121_4825_3825,A2V84QVZRULWF1,Yes,7,6,very interesting,nothing
3/30/2021 13:36:24,smile_mturk_c032121_4918_3909,a2tuuiv61cr0c7,Yes,6,6,"Not really, but I did take a lot of breaks and do other things!",Everything went fine!
3/30/2021 13:38:50,smile_mturk_c032121_4925_3916,A32QFJTK9LJXLR,No,5,6,Not really any strategy besides read and try to remember important facts. ,"No, it was certainly interesting!"
3/30/2021 13:39:42,smile_mturk_c032121_4845_3845,A3R4SD33QQVAJX,Yes,7,7,very nice,nothing
3/30/2021 13:43:36,smile_mturk_c032121_4909_637,A3MG9XS4W3FGOA,Yes,6,7,very interesting,nothing
3/30/2021 13:43:52,smile_mturk_c032121_4898_3890,A2LGYV57X9WMCD,Yes,6,7,Very nice,Nothing
3/30/2021 13:48:53,smile_mturk_c032121_4835_3835,A3AJE1ORZMFDON,Yes,7,6,Very nice,Nothing
3/30/2021 13:49:16,smile_mturk_c032121_4904_3896,A1KL6MRIHQFJND,Yes,7,6,nice,nice
3/30/2021 13:50:41,smile_mturk_c032121_4932_3922,A3DS5B06ZCD3E3,Yes,6,7,I just tried to read the passages as I would normally and process the information without paying too much attention to the font.,Nothing that comes to mind.
3/30/2021 13:53:02,smile_mturk_c032121_4924_3915,A2RR3R75ECQSKE,Maybe,4,4,Just kept in mind.,Nice Readability - Font Preference and Reading Study
3/30/2021 13:55:07,smile_mturk_c032121_4933_3923,A30VLAIIJIG5IS,Yes,5,6,i just tried to stay focused on the text despite changes in the fonts,none
3/30/2021 14:19:55,smile_mturk_c032121_4949_3940,AFUUPNBIKHRFZ,Maybe,7,5,NONE,GOOD STUDY
3/30/2021 14:26:16,smile_mturk_c032121_4968_3958,A1THGJ00ESO254,Maybe,5,4,nice,no
3/30/2021 14:35:54,smile_mturk_c032121_4989_3978,A7204W9E8IR1R,Yes,6,7,I just read like normal ,
3/30/2021 14:38:02,smile_mturk_c032121_4986_3976,AS1IQGYDBZ6LZ,Maybe,7,6,The stories I´ve already knew were the best to keep in mind and answer better. ,Thanks for the opportunity.
3/30/2021 14:43:47,smile_mturk_c032121_4815_3818,AX1TWZNM2XLYO,Yes,5,6,nice,nice
3/30/2021 14:44:12,smile_mturk_c032121_5007_3995,A2QOQF90L2WREO,Yes,7,7,no,no
3/30/2021 14:48:41,smile_mturk_c032121_4920_3911,A31Y7PAMZO5GVZ,Yes,7,6,very nice,nothing
3/30/2021 14:49:03,smile_mturk_c032121_5001_3991,A2MO3EE6D0P3KR,Maybe,5,4,"I tried to remember the vital information like some characteristics, places and names",The study was some dificulty for me to remember the informations about the sections to answer the questions
3/30/2021 14:50:47,smile_mturk_c032121_4972_3962,A3E7BKYFFD51UD,Yes,7,6,BEST READING IS BEST STRATEGIES,VERY NICE
3/30/2021 14:51:40,smile_mturk_c032121_4928_3918,A32KY6ARWL8W3E,Maybe,5,7,yes i improve level,nothing
3/30/2021 14:58:07,smile_mturk_c032121_5013_3997,A17PAE30BGBO1T,Maybe,7,7,read and try to remember as much as possible.,No
3/30/2021 15:07:48,smile_mturk_c032121_4837_3837,A3BHKF9NJKCXPB,Yes,7,6,Very nice,Nothing
3/30/2021 15:13:11,smile_mturk_c032121_5027_4011,A2PSR3CMNR1R9X,Maybe,6,5,I tried to read fast as  I normally do while still retaining the information.,The layout of the unique codes and animal code is very confusing. People on Turkerview have reviewed this study negatively because they can't figure out how to make it work.
3/30/2021 15:16:00,smile_mturk_c032121_5003_3993,A1FQK51ECARQNK ,Maybe,5,6,I just tried to focus on the main details that I thought would require retention,"It was very engaging throughout, because I was focusing on my reading speed and ease as well as the articles"
3/30/2021 15:25:03,smile_mturk_c032121_5032_4015,A36GU3OHGLDS8R,Yes,7,6,"Not really, no. I just tried to read as quickly as I could while retaining information.",n/a
3/30/2021 15:33:05,smile_mturk_c032121_5030_4013,A3B2YRXL26RPVH,Yes,6,4,I just follow the instructions.  Read the passages and did not read out aloud.  I did not have any strategies.,The instructions were clear.  I did not find anything confusing.
3/30/2021 15:35:42,smile_mturk_c032121_4969_3959,A3IRFD9O4M284F,Yes,7,6,read and memory,no confuse
3/30/2021 15:36:31,smile_mturk_c032121_5031_4014,A24LB89P1BPKKF,Maybe,7,6,None,It was straightforward and easy
3/30/2021 15:45:15,smile_mturk_c032121_5039_4022,A1TW2BZRRS874Z,Maybe,5,6,I just tried to concentrate without thinking too much about it.,
3/30/2021 16:09:44,smile_mturk_c032121_5055_4034,APGX2WZ59OWDN,Yes,5,6,,
3/30/2021 16:10:51,smile_mturk_c032121_5048_4026,A10NBQP7W50X1I,Yes,7,6,Way the of asking question is very nice,nothing
3/30/2021 16:17:22,smile_mturk_c032121_5056_4035,AMLZT92RF3MYY,Yes,6,6,"I just read the text as fast as I could, while still trying to retain as much of the information as I could at that speed. I noticed the font changes between the texts, however I didn't think anything of it beyond that, other than noticing that I preferred some fonts to others, and some fonts seemed more difficult to read than others. I just performed each test the same way","I found the information at the preferred font, estimated reading speed w/ the preferred font, average reading speed across all tested fonts, and font which resulted in the fastest reading speed to be extremely interesting and useful. Thank you"
3/30/2021 16:22:20,smile_mturk_c032121_5047_4027,A3NTNVS05946M0,Yes,7,6,nice,nice
3/30/2021 16:23:26,smile_mturk_c032121_4980_3970,A8PJHNOLEDTZI,No,5,7,Followed the instruction,No
3/30/2021 16:35:58,smile_mturk_c032121_4921_612,AUKAQ17894HDP,Yes,7,6,interesting task,nice
3/30/2021 16:59:31,smile_mturk_c032121_5061_4038,A6JUD4NCQCDWG,Yes,6,7,"Just tried to remember the keywords in each story, but it was harder in some than others.",None
3/30/2021 17:10:53,smile_mturk_c032121_5067_4043,AKSJ3C5O3V9RB,Yes,7,7,I tried to avoid one of major obstacles i.e. assuming that I won't remember the contents of the passage due to reading quickly or rather reading at my usual pace. I had to consciously tell myself to just go and read it straight through in order to prevent self-doubt from seeping in and derailing me. ,"This was an interesting experience, particularly due to my longstanding stance re: enhancing reading speed and comprehension by using tools that adjust character/line spacing, font type, font size, and page layout/zoom. The fact that there is a dearth of such tools (there aren't even that many extensions/add-ons created by budding developers in this arena to be honest, at least they are not reliable tools) is maddening and every once in a while out of frustration, I search around to see if there's anything like this, only to be disappointed. Anyway, this study was well-designed and engaging. "
3/30/2021 18:12:48,smile_mturk_c032121_5077_4054,A3AD5YO7CLO4LN,Yes,6,6,"I just read as I read daily, I didn't use any specific strategies.",Actually I enjoyed this study a lot
3/30/2021 18:19:49,smile_mturk_c032121_5029_4012,A1AWR7C38PW42P,Yes,6,7,"yes, improve well",nothing
3/30/2021 18:41:06,smile_mturk_c032121_5076_4053,A3LT7W355XOAKF,Yes,7,7,"No, I just took it as it came. I generally prefer bigger and more spaced out fonts. I don't like scrunched up or wiggly ones. ",Ariel has always been my favorite. Never heard of Poppins but will look in to it. Also merriweather will look in to. I wrote them down. Good to know as I am always reading online and for things like text editors I can never be sure what is best as there are so many to choose from so this helps. Good to know.
3/30/2021 18:41:50,smile_mturk_c032121_5086_4063,A3K7CO1BSDRQ84,Yes,6,6,"I didn't use any strategies, I just read the passages",No
3/30/2021 18:44:45,smile_mturk_c032121_5074_4051,A34SLWTNACPBMO,Maybe,6,6,"No, nothing in particular - I read like I usually do. ",Interesting study - it's fascinating to know that I read fastest in a font I know little about
3/30/2021 18:53:45,smile_mturk_c032121_5087_4064,A1YT0SNR8C6HN9,Yes,7,7,Nothing,None
3/30/2021 18:54:41,smile_mturk_c032121_5088_4065,A182P7WD5DJU9P,Maybe,5,7,no,good
3/30/2021 19:07:07,smile_mturk_c032121_5079_4055,A12HRFZTUM89VR,Yes,6,7,,
3/30/2021 19:11:38,smile_mturk_c032121_5090_4067,AE0X131JOSOTA,Yes,5,7,I only read the text and tried to memo the maximum of details that I could.  ,It was kind easy
3/30/2021 19:41:39,smile_mturk_c032121_5080_4056,A9LXSGXZM4IJE,Yes,6,5,nice,nice
3/30/2021 20:12:46,smile_mturk_c032121_5093_4070,A2JI1AH1YMSBC4,Yes,7,7,nothing,no
3/30/2021 20:39:25,smile_mturk_c032121_5095_4072,A30GCTXJ17JC3I,Yes,6,6,"I mostly just read as I normally do, and tried to pay attention to specific details while skimming some things.",Everything was easy and straightforward.  I had no problems.
3/30/2021 21:14:07,smile_mturk_c032121_5097_4075,ASBVFTDEA883R,Yes,6,7,very nice,nothing
3/30/2021 22:05:33,smile_mturk_c032121_5089_4066,A2519LCLPN7Y6I,Yes,7,7,I TRIED TO FOCUS ON THE MAXIMUM POSSIBLE IN READING,No comments
3/30/2021 22:13:15,smile_mturk_c032121_5100_4078,A1ROEDVMTO9Y3X,Yes,5,4,just read it at speed I was comfortable,
3/30/2021 22:27:48,smile_mturk_c032121_5104_4082,A7A1S7KG6L6S,Maybe,5,6,I tried to remember information that stood out as being something I could be asked about and pieced any unknowns from that.,-
3/30/2021 22:40:42,smile_mturk_c032121_5099_4077,A9EVF0SO2IUJ0,Yes,7,6,"Nothing, it's depends upon the font type, size, and word space.","Interesting study, thank you."
3/30/2021 22:42:37,smile_mturk_c032121_5105_4083,APSN3KV49VLKX,Yes,4,6,memorize,no
3/30/2021 23:13:18,smile_mturk_c032121_5098_4076,A3NMQ3019X6YE0,Maybe,5,3,,
3/31/2021 1:02:36,smile_mturk_c032121_5113_4092,ANLHIS7CZAZVQ,Yes,6,7,No I just read like normal,Not sure what a good reading speed is
3/31/2021 1:40:47,smile_mturk_c032121_5116_4094,AP9WRGCJVLLTG,Yes,7,7,NO,GOOD
3/31/2021 1:42:39,smile_mturk_c032121_5123_4097,A3F3O4MMEZMGC1,Yes,7,6,GOOD,NOTHING
3/31/2021 1:43:34,smile_mturk_c032121_5112_4090,AU6SRME5DNC67,Yes,5,6,different font styles,nice study
3/31/2021 1:56:22,smile_mturk_c032121_5120_4096,A23ZEO8JP3JUSL,Yes,7,7,GOOD,NOTHING
3/31/2021 2:00:19,smile_mturk_c032121_5127_4094,AP9WRGCJVLLTG,Yes,7,6,NO,GOOD
3/31/2021 2:03:56,smile_mturk_c032121_5117_4095,A1V71EGLO0Q561,Yes,7,6,GOOD,GOOD
3/31/2021 2:08:52,smile_mturk_c032121_5126_4099,A3KV7BYXUD63UN,Yes,7,7,NO,GOOD
3/31/2021 2:18:16,smile_mturk_c032121_5128_4100,A2PJZ8BAFI5SDJ,Yes,7,6,GOOD,NOTHING
3/31/2021 12:29:51,smile_mturk_c032121_5135_4111,A2FID4BYT1X6R6,Maybe,3,4,I read quickly as much as possible and remember values in the information given,nothing
